topic_words3,Eestimaa Rahvaliidu fraktsioon,Erakonna Eestimaa Rohelised fraktsioon,Fraktsioonitud,Isamaa ja Res Publica Liidu fraktsioon,Keskerakond,Reformierakond,Sotsiaaldemokraadid
aardla pria pealtnagija,0.003067484662576687,0.0,0.0,0.0,0.0008074283407347598,0.0,0.0
aasia aasias saatkonna,0.0,0.0031746031746031746,0.0044444444444444444,0.012684989429175475,0.0036334275333064193,0.0031282586027111575,0.0016666666666666668
abielu kooselu samasooliste,0.0,0.0,0.0,0.0,0.0016148566814695195,0.0,0.0016666666666666668
abipolitseinik abipolitseiniku abipolitseinike,0.0,0.0031746031746031746,0.0,0.023255813953488372,0.0008074283407347598,0.004171011470281543,0.0
aituma infotundi jahimehed,0.0,0.0,0.0,0.0,0.0004037141703673799,0.0010427528675703858,0.0033333333333333335
ajakirjandus ajakirjanduse ajakirjandust,0.006134969325153374,0.0031746031746031746,0.008888888888888889,0.0,0.006459426725878078,0.009384775808133473,0.0033333333333333335
alkoholi kange lahja,0.0,0.009523809523809525,0.022222222222222223,0.006342494714587738,0.011303996770286637,0.018769551616266946,0.0016666666666666668
ametiuhingute tooandjate keskliit,0.009202453987730062,0.0031746031746031746,0.0044444444444444444,0.006342494714587738,0.0036334275333064193,0.0,0.016666666666666666
ammendumiseni kaheni pikendada,0.0,0.0,0.0,0.0,0.0004037141703673799,0.0010427528675703858,0.005
annetus erjk annetuse,0.0,0.0031746031746031746,0.0044444444444444444,0.0021141649048625794,0.0008074283407347598,0.005213764337851929,0.0016666666666666668
annetused annetusi annetuste,0.0,0.0,0.0,0.0,0.003229713362939039,0.0020855057351407717,0.0
apteeke apteegid apteekide,0.0,0.009523809523809525,0.0,0.006342494714587738,0.006055712555510699,0.0020855057351407717,0.0
arengufond arengufondi arengufondis,0.0,0.015873015873015872,0.013333333333333334,0.006342494714587738,0.0044408558740411785,0.011470281543274244,0.0016666666666666668
arengukavad arengukavade pohialuste,0.015337423312883436,0.01904761904761905,0.0,0.012684989429175475,0.0072668550666128385,0.017726798748696558,0.006666666666666667
borsile ipo enefit,0.012269938650306749,0.0031746031746031746,0.0,0.0021141649048625794,0.006459426725878078,0.0031282586027111575,0.0016666666666666668
danske filiaali rahapesu,0.0,0.0031746031746031746,0.0,0.0,0.0,0.0010427528675703858,0.0016666666666666668
deklaratsiooni deklaratsioone deklaratsioonis,0.0,0.0,0.0,0.004228329809725159,0.0,0.0,0.0
direktiivi direktiiv ulevotmise,0.0,0.009523809523809525,0.0,0.0021141649048625794,0.003229713362939039,0.004171011470281543,0.0
domeenide domeeni interneti,0.003067484662576687,0.0,0.0,0.0,0.004037141703673799,0.0020855057351407717,0.0
eelarvele kulude riigieelarvele,0.009202453987730062,0.0031746031746031746,0.0044444444444444444,0.006342494714587738,0.004037141703673799,0.0010427528675703858,0.005
eelarves riigieelarves reservist,0.012269938650306749,0.0031746031746031746,0.03111111111111111,0.004228329809725159,0.021800565199838515,0.009384775808133473,0.0033333333333333335
efsf esm kreekale,0.003067484662576687,0.0,0.0,0.0,0.004844570044408559,0.0031282586027111575,0.0033333333333333335
elamisluba elamisloa viisa,0.0,0.0031746031746031746,0.0044444444444444444,0.008456659619450317,0.003229713362939039,0.004171011470281543,0.006666666666666667
elatisraha elatisabi elatise,0.0,0.0,0.0,0.004228329809725159,0.0004037141703673799,0.0010427528675703858,0.0
elektri elektrit taastuvenergia,0.006134969325153374,0.06031746031746032,0.013333333333333334,0.006342494714587738,0.022204279370205894,0.013555787278415016,0.006666666666666667
ene ergma aplaus,0.0,0.0,0.0,0.0,0.0,0.0,0.0016666666666666668
energiaagentuur agentuuri agentuur,0.0,0.031746031746031744,0.0,0.0,0.011303996770286637,0.0,0.0016666666666666668
eriarstide eriarstiabi eriarsti,0.02147239263803681,0.015873015873015872,0.0044444444444444444,0.014799154334038054,0.023819136051675415,0.0010427528675703858,0.013333333333333334
erimargistatud kutust kutuse,0.024539877300613498,0.012698412698412698,0.022222222222222223,0.0021141649048625794,0.006863140896245458,0.020855057351407715,0.011666666666666667
eripensioni valjateenitud staazi,0.0,0.0,0.0,0.0,0.0016148566814695195,0.0020855057351407717,0.0033333333333333335
erso teatri kontserdi,0.0,0.0,0.0044444444444444444,0.0,0.0024222850222042794,0.0020855057351407717,0.005
est kavatsuste for,0.0,0.0,0.0,0.0,0.0008074283407347598,0.0,0.0
estonian air airi,0.009202453987730062,0.0,0.0,0.0,0.0012111425111021397,0.0,0.0
etv saateid pbk,0.0,0.0,0.0,0.0021141649048625794,0.014129995962858296,0.005213764337851929,0.005
fie fuusilisest isikust,0.006134969325153374,0.006349206349206349,0.0,0.0,0.005651998385143318,0.005213764337851929,0.006666666666666667
haale valimispaeval valimiste,0.0,0.0,0.0,0.004228329809725159,0.0024222850222042794,0.0,0.0016666666666666668
haaletamissedel haaletamiskasti sedeli,0.0,0.0,0.0,0.0,0.0004037141703673799,0.0,0.0
haalte kandidaatidele haaletamisest,0.0,0.0,0.0,0.0021141649048625794,0.0004037141703673799,0.0,0.0
hadaolukorda eriolukord eriolukorra,0.006134969325153374,0.0,0.0044444444444444444,0.0021141649048625794,0.0008074283407347598,0.004171011470281543,0.0033333333333333335
haiguspaevade haiguspaevi haiguspaeva,0.003067484662576687,0.0,0.0,0.0,0.0,0.0010427528675703858,0.0
hambaravi hammaste hambad,0.012269938650306749,0.0,0.013333333333333334,0.0,0.0044408558740411785,0.0010427528675703858,0.0016666666666666668
hanke hankija riigihangete,0.0,0.0031746031746031746,0.013333333333333334,0.0,0.008074283407347598,0.01251303441084463,0.008333333333333333
hansson ardo panga,0.0,0.0,0.0,0.0,0.0004037141703673799,0.0,0.0
hiv narkomaania epideemia,0.0,0.0,0.0,0.0021141649048625794,0.0004037141703673799,0.0010427528675703858,0.0
hoiu pangad pankade,0.0,0.0,0.0,0.0,0.0012111425111021397,0.0010427528675703858,0.0016666666666666668
hooldekodus hoolduse hooldekodu,0.003067484662576687,0.0,0.0044444444444444444,0.0021141649048625794,0.0016148566814695195,0.0010427528675703858,0.0
hoone rkas hoonet,0.0,0.022222222222222223,0.0044444444444444444,0.006342494714587738,0.0024222850222042794,0.0020855057351407717,0.011666666666666667
humni humn laulda,0.0,0.0,0.0,0.0,0.0,0.0,0.0016666666666666668
huvigruppe huvigruppide kaasatud,0.006134969325153374,0.009523809523809525,0.008888888888888889,0.014799154334038054,0.005651998385143318,0.017726798748696558,0.005
huvihariduse huvitegevuse huviharidus,0.003067484662576687,0.0031746031746031746,0.0,0.0,0.0004037141703673799,0.0020855057351407717,0.0
id mobiil kaardi,0.0,0.0,0.0,0.006342494714587738,0.002825999192571659,0.0020855057351407717,0.0
idapiiri piiririba valjaehitamine,0.0,0.0,0.0044444444444444444,0.0,0.0004037141703673799,0.0,0.0
iive sundimus iibe,0.003067484662576687,0.006349206349206349,0.0,0.0021141649048625794,0.0036334275333064193,0.0072992700729927005,0.0033333333333333335
inflatsiooni inflatsioon hinnatous,0.003067484662576687,0.0031746031746031746,0.0,0.004228329809725159,0.005651998385143318,0.0020855057351407717,0.0
inimarengu aruanne aruandes,0.018404907975460124,0.006349206349206349,0.0044444444444444444,0.010570824524312896,0.010092854259184497,0.01564129301355579,0.008333333333333333
jaatmeid liigiti prugi,0.0,0.012698412698412698,0.0,0.019027484143763214,0.004037141703673799,0.006256517205422315,0.0016666666666666668
jahimehed jahimeeste jahti,0.0,0.0031746031746031746,0.0,0.0021141649048625794,0.0004037141703673799,0.0010427528675703858,0.0016666666666666668
jalitustegevuse jalitustoimingu sideandmete,0.006134969325153374,0.0,0.0,0.012684989429175475,0.0004037141703673799,0.0031282586027111575,0.0
jarviku jarvik maaeluministri,0.0,0.0031746031746031746,0.0044444444444444444,0.0,0.0044408558740411785,0.0010427528675703858,0.008333333333333333
joustumine joustuma joustada,0.003067484662576687,0.0,0.022222222222222223,0.012684989429175475,0.0024222850222042794,0.018769551616266946,0.01
kaasne lisakulutusi riigieelarvele,0.006134969325153374,0.0031746031746031746,0.0,0.004228329809725159,0.003229713362939039,0.004171011470281543,0.0016666666666666668
kaibemaksu kaibemaks kaibemaksumaara,0.012269938650306749,0.0031746031746031746,0.013333333333333334,0.006342494714587738,0.02866370609608397,0.005213764337851929,0.0016666666666666668
kaitsekulud kaitsekulutused kaitsekulude,0.0,0.0,0.0,0.0021141649048625794,0.0004037141703673799,0.0010427528675703858,0.0
kaitseliit kaitseliidule kaitseliidu,0.0,0.0,0.0044444444444444444,0.0,0.0016148566814695195,0.0020855057351407717,0.0
kala kalurid kalurite,0.0,0.0380952380952381,0.0,0.0021141649048625794,0.0044408558740411785,0.005213764337851929,0.021666666666666667
kandidaadi kandidaati kandidaat,0.0,0.0,0.0,0.0021141649048625794,0.0004037141703673799,0.0010427528675703858,0.0016666666666666668
kandidaati kandidaat valituks,0.0,0.0,0.0,0.02536997885835095,0.0020185708518368995,0.004171011470281543,0.0033333333333333335
kandideerima ametikohale kandidaatide,0.0,0.0,0.0,0.0,0.0008074283407347598,0.0,0.0016666666666666668
kantsler kantsleri riigisekretar,0.003067484662576687,0.0031746031746031746,0.0,0.0,0.0008074283407347598,0.0020855057351407717,0.0016666666666666668
karistuse karistus tingimisi,0.003067484662576687,0.009523809523809525,0.013333333333333334,0.012684989429175475,0.0036334275333064193,0.010427528675703858,0.008333333333333333
kasvavad tuleval kasv,0.0,0.0,0.0,0.0021141649048625794,0.0,0.0031282586027111575,0.0
katteallikas katteallikaid katteallikat,0.003067484662576687,0.009523809523809525,0.0044444444444444444,0.012684989429175475,0.003229713362939039,0.016684045881126174,0.0
kauguhendus avaksite ettekandjalt,0.0,0.0,0.0,0.0021141649048625794,0.0012111425111021397,0.0010427528675703858,0.0016666666666666668
keeleoskust oskuse keeleoskuse,0.0,0.0,0.0,0.0021141649048625794,0.0012111425111021397,0.0020855057351407717,0.0
keskkonnaameti uhendamine uhendamise,0.0,0.0,0.0,0.0021141649048625794,0.0008074283407347598,0.0010427528675703858,0.0
kinnisasja maad maa,0.006134969325153374,0.025396825396825397,0.013333333333333334,0.006342494714587738,0.0072668550666128385,0.004171011470281543,0.01
kinnitamise paevakorra paevakord,0.0,0.0,0.0,0.0,0.0004037141703673799,0.0,0.0
kirik kiriku maarja,0.0,0.0,0.0044444444444444444,0.006342494714587738,0.0,0.0020855057351407717,0.0
kodakondsust kodakondsuse kodanikuks,0.0,0.0,0.0,0.010570824524312896,0.008074283407347598,0.0031282586027111575,0.0
kodualuse maamaksu maamaksust,0.0,0.009523809523809525,0.0044444444444444444,0.0021141649048625794,0.0020185708518368995,0.0010427528675703858,0.0033333333333333335
kohanimenoukogu vonnu mulgi,0.0,0.0,0.0,0.0,0.0008074283407347598,0.0,0.0
kohtla jarve johvi,0.003067484662576687,0.0,0.0,0.0,0.004844570044408559,0.0020855057351407717,0.0016666666666666668
kohtunike kohtususteem kohtuniku,0.009202453987730062,0.0,0.022222222222222223,0.010570824524312896,0.004844570044408559,0.01251303441084463,0.011666666666666667
kohtutaiturite kohtutaitur kohtutaituri,0.006134969325153374,0.006349206349206349,0.0,0.021141649048625793,0.0012111425111021397,0.0031282586027111575,0.008333333333333333
kolledz kolledzi turi,0.0,0.0,0.02666666666666667,0.004228329809725159,0.0020185708518368995,0.0020855057351407717,0.0016666666666666668
konkurss konkursi konkurssi,0.0,0.0,0.0,0.0,0.0012111425111021397,0.0010427528675703858,0.0
kontrollin haaled kandidaadi,0.0,0.0,0.0044444444444444444,0.0,0.0004037141703673799,0.0,0.0
koolilouna koolitoidu koolitoit,0.0,0.0,0.008888888888888889,0.0021141649048625794,0.010496568429551878,0.0020855057351407717,0.0
koolis kooli opilased,0.012269938650306749,0.012698412698412698,0.013333333333333334,0.03171247357293869,0.015341138473960436,0.010427528675703858,0.021666666666666667
koolituse koolitus koolitusele,0.0,0.0,0.0,0.0,0.0004037141703673799,0.0020855057351407717,0.0033333333333333335
korrata stenogrammist vabandan,0.0,0.0,0.0,0.0,0.0,0.0020855057351407717,0.0
korruptsiooni korruptsioon korruptsiooniga,0.003067484662576687,0.0,0.0,0.004228329809725159,0.0004037141703673799,0.0,0.0
korterelamute kortermajade kredexi,0.0,0.009523809523809525,0.0,0.0021141649048625794,0.0012111425111021397,0.0010427528675703858,0.0
korterid kortereid korterit,0.006134969325153374,0.009523809523809525,0.0,0.0021141649048625794,0.002825999192571659,0.005213764337851929,0.0016666666666666668
korteriuhistu korteriomanike korteriuhistute,0.0,0.0,0.0,0.0,0.0008074283407347598,0.0010427528675703858,0.0
krimmi agressiooni ukraina,0.0,0.006349206349206349,0.0044444444444444444,0.0021141649048625794,0.0036334275333064193,0.0,0.008333333333333333
kulukuse krediidi kiirlaenude,0.0,0.0,0.0,0.008456659619450317,0.0004037141703673799,0.0010427528675703858,0.0033333333333333335
kusija vastaja vastasin,0.003067484662576687,0.0,0.0,0.0,0.0,0.0,0.0
kusimusena tahtsa tahtsusega,0.0,0.0031746031746031746,0.013333333333333334,0.008456659619450317,0.002825999192571659,0.0020855057351407717,0.0033333333333333335
kutsehariduse kutseharidus kutsehariduses,0.003067484662576687,0.0,0.0,0.0,0.0016148566814695195,0.004171011470281543,0.0
laari laar kandidatuuri,0.003067484662576687,0.0,0.0,0.0021141649048625794,0.0008074283407347598,0.0,0.0016666666666666668
lae korgepalgaliste lagi,0.003067484662576687,0.0031746031746031746,0.0044444444444444444,0.0021141649048625794,0.0004037141703673799,0.004171011470281543,0.0033333333333333335
lahususe voimude lahusus,0.0,0.0,0.0,0.006342494714587738,0.0012111425111021397,0.004171011470281543,0.0016666666666666668
lapsetoetust lapsetoetus lapsetoetuse,0.024539877300613498,0.006349206349206349,0.013333333333333334,0.035940803382663845,0.009689140088817117,0.009384775808133473,0.04833333333333333
lasteaia lasteaias lasteaiakoha,0.003067484662576687,0.0031746031746031746,0.0,0.021141649048625793,0.010092854259184497,0.006256517205422315,0.023333333333333334
leping ratifitseerida lepinguga,0.006134969325153374,0.009523809523809525,0.0044444444444444444,0.0021141649048625794,0.002825999192571659,0.010427528675703858,0.0
liibanonis missioonil pikendamine,0.0,0.0,0.0,0.0,0.0008074283407347598,0.0,0.0
liiklussurmade liikluses hukkunute,0.003067484662576687,0.01904761904761905,0.0,0.006342494714587738,0.002825999192571659,0.006256517205422315,0.0016666666666666668
liitlaste ohutorje keskmaa,0.0,0.0,0.0,0.0021141649048625794,0.0004037141703673799,0.0010427528675703858,0.0016666666666666668
lipu laevu kaubalaeva,0.0,0.0031746031746031746,0.008888888888888889,0.0,0.0024222850222042794,0.0010427528675703858,0.0
lipud lippude lipp,0.0,0.0,0.0,0.0,0.0004037141703673799,0.0010427528675703858,0.0
lisaeelarve lisaeelarves lisaeelarvega,0.0,0.0,0.0,0.0,0.0,0.0020855057351407717,0.0016666666666666668
lng terminali gaasi,0.0,0.0,0.0044444444444444444,0.0021141649048625794,0.0016148566814695195,0.005213764337851929,0.0
loomi loomade loomad,0.003067484662576687,0.012698412698412698,0.0,0.0,0.0012111425111021397,0.0020855057351407717,0.0
louis freeh kremli,0.003067484662576687,0.0,0.0,0.0,0.0012111425111021397,0.0,0.0
maantee neljarealiseks ppp,0.0,0.0,0.0044444444444444444,0.0,0.005248284214775939,0.0,0.0
maavalitsuste maavalitsused maakonna,0.027607361963190184,0.006349206349206349,0.013333333333333334,0.0021141649048625794,0.011707710940654016,0.0010427528675703858,0.0033333333333333335
magustatud suhkrut joogi,0.0,0.0031746031746031746,0.0,0.0,0.0,0.0010427528675703858,0.0
majandusaasta koondaruanne raamatupidamise,0.0,0.0,0.0044444444444444444,0.004228329809725159,0.0020185708518368995,0.006256517205422315,0.005
maksuamet tolliamet tolliameti,0.006134969325153374,0.0031746031746031746,0.0,0.0021141649048625794,0.003229713362939039,0.0072992700729927005,0.008333333333333333
matusetoetust matusetoetus matusetoetuse,0.03374233128834356,0.0031746031746031746,0.02666666666666667,0.0021141649048625794,0.007670569236980218,0.005213764337851929,0.0033333333333333335
memorandumi moistmise memorandum,0.003067484662576687,0.0,0.0,0.0021141649048625794,0.0008074283407347598,0.0010427528675703858,0.0
mes maale maaelu,0.003067484662576687,0.0031746031746031746,0.0,0.004228329809725159,0.0004037141703673799,0.0020855057351407717,0.0016666666666666668
metsa metsade mets,0.003067484662576687,0.015873015873015872,0.0,0.0021141649048625794,0.0008074283407347598,0.0010427528675703858,0.005
miili baasvorgu lairiba,0.0,0.006349206349206349,0.0,0.0021141649048625794,0.0,0.0020855057351407717,0.0
missiooni missioonile missioon,0.0,0.0,0.0044444444444444444,0.004228329809725159,0.007670569236980218,0.004171011470281543,0.008333333333333333
moisteid moiste moisted,0.003067484662576687,0.012698412698412698,0.0,0.021141649048625793,0.002825999192571659,0.01564129301355579,0.0033333333333333335
muraste kase kompleksi,0.0,0.0,0.0,0.0021141649048625794,0.0,0.0,0.0
muugimaksu muugimaks paadimaksu,0.006134969325153374,0.0,0.0044444444444444444,0.023255813953488372,0.011303996770286637,0.03858185610010428,0.006666666666666667
muundatud geneetiliselt gmo,0.0,0.015873015873015872,0.0,0.0,0.0008074283407347598,0.0010427528675703858,0.0033333333333333335
muuseum muuseumi muuseumide,0.003067484662576687,0.0031746031746031746,0.0,0.0,0.0016148566814695195,0.0010427528675703858,0.006666666666666667
nord stream streami,0.0,0.0,0.0,0.0,0.0036334275333064193,0.0,0.006666666666666667
normitehnika mojude eeskiri,0.009202453987730062,0.0,0.013333333333333334,0.0,0.002825999192571659,0.004171011470281543,0.006666666666666667
noukogudesse ariuhingute noukogudes,0.0,0.0031746031746031746,0.0,0.0,0.0044408558740411785,0.010427528675703858,0.0016666666666666668
objekti anu raua,0.0,0.0,0.0,0.0,0.0012111425111021397,0.0031282586027111575,0.0016666666666666668
oiglase virumaale ulemineku,0.003067484662576687,0.0,0.0,0.0,0.0004037141703673799,0.0,0.0
oigusloome oigusloomes oiguspoliitika,0.0,0.0031746031746031746,0.0,0.006342494714587738,0.0008074283407347598,0.0,0.0
oigusriik oigusriigi oigusriigist,0.0,0.0031746031746031746,0.0,0.0,0.0008074283407347598,0.0010427528675703858,0.0016666666666666668
omandireformi tagastatud omandireform,0.0,0.0031746031746031746,0.0,0.0,0.014129995962858296,0.0020855057351407717,0.0
ooteala piiriuletuse piiripunkti,0.0,0.0031746031746031746,0.0,0.008456659619450317,0.002825999192571659,0.0072992700729927005,0.0
ootuse oigusparase oiguskindluse,0.0,0.0,0.008888888888888889,0.0021141649048625794,0.0004037141703673799,0.0020855057351407717,0.0033333333333333335
opositsiooni koalitsioonil opositsioonil,0.003067484662576687,0.0,0.0,0.004228329809725159,0.0016148566814695195,0.0020855057351407717,0.0016666666666666668
opositsioonis koalitsiooni opositsiooni,0.02147239263803681,0.0031746031746031746,0.008888888888888889,0.008456659619450317,0.007670569236980218,0.006256517205422315,0.011666666666666667
oppelaenu sugava puudega,0.0,0.0031746031746031746,0.0044444444444444444,0.0021141649048625794,0.0012111425111021397,0.0,0.0
otsevalimise presidenti presidendi,0.0,0.006349206349206349,0.0,0.014799154334038054,0.0044408558740411785,0.005213764337851929,0.0016666666666666668
pagulasi pagulased pagulaste,0.0,0.0031746031746031746,0.0,0.0,0.0012111425111021397,0.0010427528675703858,0.0
palgalohe soolist meeste,0.0,0.0,0.0,0.004228329809725159,0.0016148566814695195,0.0010427528675703858,0.008333333333333333
palgatousu opetajate palgatous,0.0,0.0,0.008888888888888889,0.0,0.0020185708518368995,0.0020855057351407717,0.0016666666666666668
pealinnast tallinnast viljandisse,0.003067484662576687,0.0,0.0044444444444444444,0.0,0.0036334275333064193,0.0,0.0
pensioni pension sammas,0.003067484662576687,0.0,0.0,0.0,0.0020185708518368995,0.0,0.0033333333333333335
pensionifondide pensionifondid fondid,0.0,0.0031746031746031746,0.0044444444444444444,0.006342494714587738,0.0024222850222042794,0.0031282586027111575,0.0
pensioniiga pensioniea eluiga,0.049079754601226995,0.022222222222222223,0.0,0.008456659619450317,0.03229713362939039,0.005213764337851929,0.09666666666666666
pensionitous pensionitousu pension,0.003067484662576687,0.0,0.013333333333333334,0.004228329809725159,0.006863140896245458,0.004171011470281543,0.0033333333333333335
piima toorpiima toodangut,0.003067484662576687,0.0031746031746031746,0.008888888888888889,0.0021141649048625794,0.004037141703673799,0.0,0.0016666666666666668
piirilepingu piirileping piirilepingut,0.009202453987730062,0.0,0.0,0.0,0.0016148566814695195,0.0010427528675703858,0.0016666666666666668
piirivalve valvamise valvamine,0.0,0.0031746031746031746,0.0,0.0,0.0,0.0010427528675703858,0.0
planeeringu keskkonnamoju keskkonnamojude,0.0,0.0380952380952381,0.0,0.008456659619450317,0.0072668550666128385,0.0010427528675703858,0.01
pohiseadusega riigikohus oiguskantsler,0.009202453987730062,0.015873015873015872,0.03111111111111111,0.010570824524312896,0.0036334275333064193,0.018769551616266946,0.0016666666666666668
pollumeestele pollumehi pollumehed,0.009202453987730062,0.015873015873015872,0.022222222222222223,0.006342494714587738,0.008477997577714978,0.0020855057351407717,0.0033333333333333335
poolte kokkuleppel huvitise,0.0,0.006349206349206349,0.0,0.006342494714587738,0.002825999192571659,0.005213764337851929,0.015
post posti omniva,0.012269938650306749,0.0,0.0044444444444444444,0.0,0.0016148566814695195,0.0,0.0
president ilves presidendi,0.0,0.0,0.0,0.0,0.0004037141703673799,0.0,0.0
prokuratuur prokuratuuri prokuror,0.027607361963190184,0.0,0.008888888888888889,0.004228329809725159,0.004844570044408559,0.018769551616266946,0.0033333333333333335
psuhhiaatri alaealine psuhhiaatrilist,0.003067484662576687,0.009523809523809525,0.0044444444444444444,0.010570824524312896,0.003229713362939039,0.0010427528675703858,0.006666666666666667
puude raskusastme puuet,0.003067484662576687,0.0,0.0044444444444444444,0.006342494714587738,0.0004037141703673799,0.0,0.0
raamatukogu pimedate raamatukogude,0.0,0.006349206349206349,0.0,0.0,0.0008074283407347598,0.0,0.0016666666666666668
rahapesu terrorismi andmeburoo,0.0,0.0,0.0,0.0021141649048625794,0.0004037141703673799,0.0010427528675703858,0.0
rahvaalgatuse rahvaalgatus rahvahaaletus,0.003067484662576687,0.0,0.0,0.0,0.0,0.0031282586027111575,0.0
rahvahaaletuse rahvahaaletus rahvahaaletusel,0.0,0.0,0.0044444444444444444,0.0,0.0012111425111021397,0.0010427528675703858,0.0016666666666666668
rahvuse rahvust rahvusriik,0.0,0.0031746031746031746,0.0,0.0021141649048625794,0.005248284214775939,0.004171011470281543,0.005
rail trassi balticu,0.003067484662576687,0.0,0.0,0.0021141649048625794,0.0024222850222042794,0.0020855057351407717,0.0016666666666666668
reklaami reklaam alkoholireklaam,0.0,0.0031746031746031746,0.0044444444444444444,0.006342494714587738,0.0024222850222042794,0.0010427528675703858,0.0
relva relvade relvaluba,0.003067484662576687,0.0,0.008888888888888889,0.006342494714587738,0.0008074283407347598,0.006256517205422315,0.0
riigiabi komisjonilt loa,0.003067484662576687,0.0,0.0,0.0,0.0016148566814695195,0.004171011470281543,0.0016666666666666668
riigikontrolli auditi auditit,0.0,0.009523809523809525,0.008888888888888889,0.0021141649048625794,0.005651998385143318,0.006256517205422315,0.013333333333333334
riigikontrolor karis riigikontrolori,0.0,0.0,0.0044444444444444444,0.0,0.0012111425111021397,0.0,0.0033333333333333335
riigiloivude riigiloivud riigiloivu,0.006134969325153374,0.0,0.0044444444444444444,0.0,0.006055712555510699,0.005213764337851929,0.0
riigimetsa majandamise noukokku,0.0,0.0031746031746031746,0.0044444444444444444,0.0021141649048625794,0.002825999192571659,0.0010427528675703858,0.0
riigipalgaliste riigisektoris koondada,0.003067484662576687,0.0,0.0,0.0,0.0020185708518368995,0.0010427528675703858,0.0
riigipuha puhade tahtpaevade,0.006134969325153374,0.0031746031746031746,0.0,0.0021141649048625794,0.0004037141703673799,0.005213764337851929,0.0
riigireformi riigireformist riigireform,0.0,0.0,0.0,0.0,0.0004037141703673799,0.0031282586027111575,0.0
rongi rongide rongid,0.0,0.0,0.0,0.0,0.0004037141703673799,0.0,0.0033333333333333335
salastatud valisteabe riigisaladuse,0.0,0.0031746031746031746,0.0,0.0,0.0016148566814695195,0.005213764337851929,0.0
salvestisi salvestised salvestiste,0.003067484662576687,0.0,0.0044444444444444444,0.0021141649048625794,0.003229713362939039,0.0031282586027111575,0.0033333333333333335
samba sammas sambasse,0.003067484662576687,0.0,0.0,0.0,0.0016148566814695195,0.0020855057351407717,0.0016666666666666668
seksuaalse vangistusega vaarkohtlemise,0.0,0.009523809523809525,0.0,0.004228329809725159,0.0,0.0,0.0
sigade katku katk,0.0,0.0,0.0,0.0,0.0004037141703673799,0.0,0.0
skais arendused infosusteemide,0.0,0.0,0.0,0.0,0.0024222850222042794,0.0010427528675703858,0.0016666666666666668
slovakkia ungari portugal,0.003067484662576687,0.009523809523809525,0.0,0.008456659619450317,0.0044408558740411785,0.0031282586027111575,0.0016666666666666668
soita jalakaija konniteel,0.006134969325153374,0.012698412698412698,0.0044444444444444444,0.006342494714587738,0.004844570044408559,0.016684045881126174,0.005
sularaha kommertspangad pangad,0.0,0.0,0.0,0.0,0.0016148566814695195,0.0010427528675703858,0.0016666666666666668
suuria euroopasse turgis,0.0,0.0,0.0,0.0,0.0,0.0010427528675703858,0.0
taanis saksamaal hollandis,0.006134969325153374,0.012698412698412698,0.008888888888888889,0.006342494714587738,0.004844570044408559,0.005213764337851929,0.006666666666666667
talupidajate kaubanduskoja kaubanduskoda,0.003067484662576687,0.0,0.0,0.0,0.0008074283407347598,0.0,0.0016666666666666668
tantsupeo laulu traditsiooni,0.0,0.0,0.0,0.0,0.0012111425111021397,0.0020855057351407717,0.0033333333333333335
tapsustatakse ajakohastatakse nouete,0.009202453987730062,0.006349206349206349,0.0044444444444444444,0.0,0.0024222850222042794,0.005213764337851929,0.0016666666666666668
tarbijakaitse amet ametile,0.0,0.006349206349206349,0.0,0.0,0.0012111425111021397,0.006256517205422315,0.0
teadus teaduse arendustegevuse,0.0,0.006349206349206349,0.0044444444444444444,0.004228329809725159,0.0016148566814695195,0.004171011470281543,0.0033333333333333335
teatri teater rahvusooper,0.0,0.0,0.0,0.0,0.004037141703673799,0.0020855057351407717,0.0016666666666666668
teede teehoiuks teedele,0.0,0.0031746031746031746,0.008888888888888889,0.0,0.006863140896245458,0.0010427528675703858,0.0033333333333333335
teekasutustasu autode autod,0.003067484662576687,0.0,0.0,0.0,0.0004037141703673799,0.0010427528675703858,0.0
teenistuse teenistuses avalikus,0.0,0.0,0.0,0.0,0.0016148566814695195,0.0010427528675703858,0.0
teenuseid teenused teenust,0.0,0.0,0.0044444444444444444,0.0021141649048625794,0.0012111425111021397,0.0010427528675703858,0.0
terviseandmed isikuandmeid terviseandmeid,0.006134969325153374,0.006349206349206349,0.0044444444444444444,0.0021141649048625794,0.0016148566814695195,0.01251303441084463,0.0033333333333333335
tervist tervis tervisega,0.0,0.0031746031746031746,0.008888888888888889,0.004228329809725159,0.004037141703673799,0.0010427528675703858,0.0016666666666666668
tooandja tervisesse maksuvabalt,0.012269938650306749,0.009523809523809525,0.0,0.0021141649048625794,0.0020185708518368995,0.0031282586027111575,0.011666666666666667
tooandja tooandjal tootaja,0.0,0.0031746031746031746,0.0,0.004228329809725159,0.0008074283407347598,0.0020855057351407717,0.0016666666666666668
toonadalal istungid taiendaval,0.027607361963190184,0.0,0.0,0.006342494714587738,0.016148566814695196,0.004171011470281543,0.018333333333333333
tootuid tootute tootu,0.07975460122699386,0.015873015873015872,0.022222222222222223,0.019027484143763214,0.06499798142914816,0.03858185610010428,0.035
tootuna arvele ariuhingu,0.0,0.0,0.0,0.0021141649048625794,0.0004037141703673799,0.0031282586027111575,0.0
toovoimereformi toovoimega toovoimereform,0.009202453987730062,0.0,0.0,0.0,0.0008074283407347598,0.0,0.0
treenerite spordi sport,0.0,0.006349206349206349,0.0,0.0,0.002825999192571659,0.0072992700729927005,0.0033333333333333335
ts parvlaeva parvlaevad,0.0,0.0,0.0,0.0,0.004037141703673799,0.0010427528675703858,0.005
tsernoboli represseeritud oigusvastaselt,0.0,0.0,0.0,0.0,0.0024222850222042794,0.0,0.0
tulubaasi omavalitsustele omavalitsuste,0.027607361963190184,0.0031746031746031746,0.044444444444444446,0.006342494714587738,0.022607993540573273,0.008342022940563087,0.013333333333333334
tulubaasi tasandusfondi tulumaksuosa,0.012269938650306749,0.0,0.022222222222222223,0.006342494714587738,0.025837706903512312,0.0010427528675703858,0.0033333333333333335
tulumaksuvaba maksususteemi tulumaksu,0.009202453987730062,0.012698412698412698,0.0,0.014799154334038054,0.019781994348001614,0.0072992700729927005,0.0033333333333333335
ugri rahvaste polisrahvaste,0.003067484662576687,0.0031746031746031746,0.0,0.0021141649048625794,0.0,0.0,0.0016666666666666668
uhistranspordi uhistransport uhistransporti,0.003067484662576687,0.0,0.0,0.004228329809725159,0.002825999192571659,0.0,0.0
ulejaagis struktuurses struktuurse,0.009202453987730062,0.006349206349206349,0.008888888888888889,0.0021141649048625794,0.006863140896245458,0.01564129301355579,0.011666666666666667
ulikooliga kbfi instituudi,0.0,0.0,0.0,0.0021141649048625794,0.0,0.0020855057351407717,0.0
uliopilased uliopilastele uliopilaste,0.0,0.022222222222222223,0.0044444444444444444,0.004228329809725159,0.007670569236980218,0.004171011470281543,0.0033333333333333335
untso missioonide liikmesusest,0.0,0.0,0.008888888888888889,0.014799154334038054,0.003229713362939039,0.01564129301355579,0.0033333333333333335
utah jordaania energia,0.0,0.009523809523809525,0.0,0.0,0.008074283407347598,0.0,0.0
uuring uuringut uuringu,0.012269938650306749,0.012698412698412698,0.0044444444444444444,0.008456659619450317,0.0036334275333064193,0.0010427528675703858,0.0016666666666666668
vabatahtlike komandode paasteameti,0.0,0.0031746031746031746,0.013333333333333334,0.0021141649048625794,0.009285425918449738,0.008342022940563087,0.006666666666666667
vaesuses suhtelises vaesuse,0.015337423312883436,0.0,0.022222222222222223,0.004228329809725159,0.012111425111021397,0.0,0.023333333333333334
vagivalla naistevastase perevagivalla,0.0,0.0,0.0044444444444444444,0.0,0.003229713362939039,0.0010427528675703858,0.006666666666666667
vagivallale vihakone ohutamine,0.006134969325153374,0.006349206349206349,0.0044444444444444444,0.0,0.002825999192571659,0.005213764337851929,0.0033333333333333335
vaikesaarte saarte pusiasustusega,0.015337423312883436,0.0,0.008888888888888889,0.012684989429175475,0.0044408558740411785,0.011470281543274244,0.045
valdkonnad laekumisest fikseeritakse,0.003067484662576687,0.0,0.0,0.0,0.0004037141703673799,0.0,0.0
valijate erakonda valijaid,0.0,0.0,0.008888888888888889,0.0021141649048625794,0.006459426725878078,0.006256517205422315,0.006666666666666667
valimisea valimisiga valimisoiguse,0.003067484662576687,0.006349206349206349,0.0,0.0021141649048625794,0.0012111425111021397,0.0031282586027111575,0.005
valimiskomisjon proteste valimiskasti,0.0,0.0031746031746031746,0.0,0.0021141649048625794,0.0,0.0,0.0
valimisliitude volikogusse volikokku,0.012269938650306749,0.012698412698412698,0.013333333333333334,0.014799154334038054,0.004844570044408559,0.026068821689259645,0.016666666666666666
valismaale valjarande valjaranne,0.009202453987730062,0.0,0.008888888888888889,0.0,0.022204279370205894,0.004171011470281543,0.008333333333333333
valispoliitika valispoliitikas diplomaatia,0.006134969325153374,0.006349206349206349,0.0,0.010570824524312896,0.0008074283407347598,0.0031282586027111575,0.005
valitsemisalade katteallikaks riigieelarves,0.0,0.0,0.0,0.0,0.0,0.005213764337851929,0.0
vallaga vald sauga,0.009202453987730062,0.006349206349206349,0.008888888888888889,0.004228329809725159,0.007670569236980218,0.0020855057351407717,0.005
vanemahuvitist vanemahuvitise vanemahuvitis,0.003067484662576687,0.0031746031746031746,0.0044444444444444444,0.019027484143763214,0.0012111425111021397,0.011470281543274244,0.023333333333333334
varude varud varu,0.0,0.0,0.0,0.0,0.0,0.0,0.0016666666666666668
veb fondi uurimiskomisjon,0.0,0.0,0.0,0.0,0.0020185708518368995,0.0,0.0016666666666666668
vee monopolide veeteenuse,0.0,0.012698412698412698,0.057777777777777775,0.03805496828752643,0.012111425111021397,0.023983315954118872,0.005
viirust vaktsineeritud viiruse,0.0,0.0,0.0,0.0021141649048625794,0.0036334275333064193,0.004171011470281543,0.0
virumaale virumaa toostusalade,0.015337423312883436,0.0031746031746031746,0.0,0.0021141649048625794,0.006863140896245458,0.005213764337851929,0.0
voidusamba vabadussoja uurimiskomisjon,0.024539877300613498,0.0,0.008888888888888889,0.0021141649048625794,0.004844570044408559,0.011470281543274244,0.0016666666666666668
volakirjade keskpank volakirju,0.003067484662576687,0.0,0.0,0.004228329809725159,0.005248284214775939,0.0020855057351407717,0.0016666666666666668
volitust kaasuses jarvik,0.0,0.0,0.0044444444444444444,0.0,0.0012111425111021397,0.0010427528675703858,0.0016666666666666668
